"Market-wise, Commodity-wise Daily Report on: 19-Aug-2026"

Commodity,Arrivals,Unit of Arrivals,Variety,Grade,Minimum Price,Maximum Price,Modal Price,Unit of Price
State/UT Name : Telangana
Market Name : APMC PATANCHERU
Green Chilli,5.800000000000001,Metric Tonnes,Green Chilly,Local,3000.0,4000.0,3500.0,Rs./Quintal
Onion,49.300000000000004,Metric Tonnes,Onion,Local,2200.0,4200.0,3700.0,Rs./Quintal
Potato,40.0,Metric Tonnes,Potato,Local,1100.0,1300.0,1200.0,Rs./Quintal
Tomato,42.900000000000006,Metric Tonnes,Tomato,Local,600.0,1000.0,800.0,Rs./Quintal
Market Name : Achampet APMC
NIL Transaction - No Arrivals
Market Name : Adilabad (Rythu Bazar) 
Bhindi(Ladies Finger),2.6,Metric Tonnes,Bhindi,Local,2000.0,5200.0,2000.0,Rs./Quintal
Brinjal,1.4000000000000001,Metric Tonnes,Brinjal,Local,3000.0,8200.0,3000.0,Rs./Quintal
Cabbage,1.9000000000000001,Metric Tonnes,Cabbage,Local,2000.0,5200.0,2000.0,Rs./Quintal
Cauliflower,0.8,Metric Tonnes,Cauliflower,Local,3000.0,8200.0,3000.0,Rs./Quintal
Green Chilli,1.8,Metric Tonnes,Green Chilly,Local,8000.0,8200.0,8000.0,Rs./Quintal
Tomato,4.1000000000000005,Metric Tonnes,Local,Local,2000.0,3000.0,2000.0,Rs./Quintal
Market Name : Adilabad APMC
Cotton,0.001,Metric Tonnes,Cotton (Unginned),FAQ,7250.0,8230.0,7900.0,Rs./Quintal
Market Name : Alampur APMC
Paddy(Common),30.0,Metric Tonnes,Common,Local,2000.0,2500.0,2300.0,Rs./Quintal
Market Name : Aler APMC
NIL Transaction - No Arrivals
"Market Name : Alwal,RBZ"
Beetroot,0.6000000000000001,Metric Tonnes,Beetroot,FAQ,3500.0,3500.0,3500.0,Rs./Quintal
Bhindi(Ladies Finger),1.0,Metric Tonnes,Bhindi,FAQ,3500.0,3500.0,3500.0,Rs./Quintal
Bitter gourd,1.0,Metric Tonnes,Bitter Gourd,FAQ,3200.0,3200.0,3200.0,Rs./Quintal
Brinjal,1.0,Metric Tonnes,Brinjal,FAQ,2800.0,2800.0,2800.0,Rs./Quintal
Cabbage,1.0,Metric Tonnes,Other,FAQ,1600.0,1600.0,1600.0,Rs./Quintal
Carrot,1.2000000000000002,Metric Tonnes,Other,FAQ,3500.0,3500.0,3500.0,Rs./Quintal
Cluster beans,1.0,Metric Tonnes,Cluster Beans,FAQ,2800.0,2800.0,2800.0,Rs./Quintal
French Beans(Frasbean),0.4,Metric Tonnes,Other,FAQ,7500.0,7500.0,7500.0,Rs./Quintal
Green Chilli,1.0,Metric Tonnes,Other,FAQ,4500.0,4500.0,4500.0,Rs./Quintal
Little gourd(Kundru),1.0,Metric Tonnes,Other,FAQ,2800.0,2800.0,2800.0,Rs./Quintal
Onion,0.2,Metric Tonnes,Onion,FAQ,4400.0,4400.0,4400.0,Rs./Quintal
Potato,1.4000000000000001,Metric Tonnes,Other,FAQ,1700.0,1700.0,1700.0,Rs./Quintal
Ridgeguard(Tori),1.0,Metric Tonnes,Other,FAQ,3800.0,3800.0,3800.0,Rs./Quintal
Tomato,4.0,Metric Tonnes,Other,FAQ,1500.0,1500.0,1500.0,Rs./Quintal
Market Name : Amangal APMC
NIL Transaction - No Arrivals
Market Name : Amrabad APMC
NIL Transaction - No Arrivals
Market Name : Armoor APMC
NIL Transaction - No Arrivals
Market Name : Asifabad APMC
NIL Transaction - No Arrivals
Market Name : Atmakur APMC
NIL Transaction - No Arrivals
Market Name : Babbuguda
NIL Transaction - No Arrivals
Market Name : Badepally APMC
NIL Transaction - No Arrivals
Market Name : Balanagar APMC
NIL Transaction - No Arrivals
Market Name : Banswada APMC
NIL Transaction - No Arrivals
Market Name : Basheerabad APMC
NIL Transaction - No Arrivals
Market Name : Bejjenki APMC
Maize,1.1,Metric Tonnes,Local,FAQ,2320.0,2320.0,2320.0,Rs./Quintal
Market Name : Bellampally APMC
NIL Transaction - No Arrivals
Market Name : Bhadrachalam APMC
Wood,25.0,Metric Tonnes,Eucalyptus,FAQ,400.0,400.0,400.0,Rs./Quintal
Market Name : Bhainsa APMC
Jowar(Sorghum),0.8,Metric Tonnes,Hybrid,FAQ,2352.0,2352.0,2352.0,Rs./Quintal
Maize,0.85,Metric Tonnes,Hybrid,FAQ,1800.0,2339.0,2339.0,Rs./Quintal
Red gram/Arhar/Tur(whole),0.3,Metric Tonnes,Arhar (Whole),FAQ,7543.0,7689.0,7543.0,Rs./Quintal
"Sesamum(Sesame,Gingelly,Til)",1.5,Metric Tonnes,Sesame,FAQ,10208.0,11866.0,11866.0,Rs./Quintal
Market Name : Bhiknoor APMC
NIL Transaction - No Arrivals
Market Name : Bhongir APMC
NIL Transaction - No Arrivals
Market Name : Bhupalapally APMC
Paddy(Common),125.0,Metric Tonnes,1121,Grade Range-1,2400.0,2400.0,2400.0,Rs./Quintal
Market Name : Bichkunda APMC
NIL Transaction - No Arrivals
Market Name : Birkur APMC
NIL Transaction - No Arrivals
Market Name : Boath APMC
Wheat,10.0,Metric Tonnes,147 Average,Local,2600.0,2600.0,2600.0,Rs./Quintal
Market Name : Bodhan APMC
NIL Transaction - No Arrivals
Market Name : Boinpalli APMC
NIL Transaction - No Arrivals
Market Name : Bowenpally APMC
Banana - Green,17.0,Metric Tonnes,Banana - Green,FAQ,200.0,700.0,500.0,Rs./Quintal
Beetroot,86.0,Metric Tonnes,Beetroot,FAQ,1000.0,3000.0,2500.0,Rs./Quintal
Bhindi(Ladies Finger),69.3,Metric Tonnes,Bhindi,FAQ,600.0,1500.0,1200.0,Rs./Quintal
Bhindi(Ladies Finger),30.3,Metric Tonnes,Other,FAQ,1000.0,3000.0,2500.0,Rs./Quintal
Bitter gourd,128.3,Metric Tonnes,Bitter Gourd,FAQ,700.0,2700.0,2000.0,Rs./Quintal
Bottle gourd,134.0,Metric Tonnes,Bottle Gourd,FAQ,200.0,600.0,500.0,Rs./Quintal
Brinjal,50.0,Metric Tonnes,Round,FAQ,700.0,2500.0,2000.0,Rs./Quintal
Brinjal,19.200000000000003,Metric Tonnes,Brinjal,FAQ,1000.0,3000.0,2500.0,Rs./Quintal
Brinjal,50.0,Metric Tonnes,Round/Long,FAQ,700.0,2500.0,2000.0,Rs./Quintal
Cabbage,200.70000000000002,Metric Tonnes,Cabbage,FAQ,600.0,1300.0,1100.0,Rs./Quintal
Capsicum,149.5,Metric Tonnes,Capsicum,FAQ,1000.0,2800.0,2200.0,Rs./Quintal
Carrot,728.6,Metric Tonnes,Carrot,FAQ,1000.0,3000.0,2500.0,Rs./Quintal
Cauliflower,13.9,Metric Tonnes,Cauliflower,FAQ,1000.0,2000.0,1800.0,Rs./Quintal
Chow Chow,0.1,Metric Tonnes,Chow Chow,FAQ,1000.0,2000.0,1800.0,Rs./Quintal
Cluster beans,123.10000000000001,Metric Tonnes,Cluster Beans,FAQ,1000.0,2500.0,2000.0,Rs./Quintal
Colacasia,14.3,Metric Tonnes,Colacasia,FAQ,1500.0,2500.0,2200.0,Rs./Quintal
Cucumbar(Kheera),48.1,Metric Tonnes,Cucumbar,FAQ,500.0,1200.0,1000.0,Rs./Quintal
Drumstick,54.5,Metric Tonnes,Drumstick,FAQ,1000.0,3000.0,2500.0,Rs./Quintal
Field Pea,208.20000000000002,Metric Tonnes,Field Pea,FAQ,2000.0,5000.0,4000.0,Rs./Quintal
French Beans(Frasbean),21.200000000000003,Metric Tonnes,French Beans (Frasbean),FAQ,3000.0,7000.0,6000.0,Rs./Quintal
Green Chilli,187.20000000000002,Metric Tonnes,Other,FAQ,2000.0,4000.0,3500.0,Rs./Quintal
Green Chilli,88.5,Metric Tonnes,Green Chilly,FAQ,2000.0,5500.0,4000.0,Rs./Quintal
Mango(Raw-Ripe),10.3,Metric Tonnes,Mango - Raw-Ripe,FAQ,1000.0,3500.0,2600.0,Rs./Quintal
Onion,41.0,Metric Tonnes,Onion,FAQ,2000.0,4000.0,3500.0,Rs./Quintal
Onion Green,3.9000000000000004,Metric Tonnes,Onion Green,FAQ,1000.0,3500.0,2600.0,Rs./Quintal
Potato,511.3,Metric Tonnes,Potato,FAQ,800.0,1400.0,1200.0,Rs./Quintal
Pumpkin,47.300000000000004,Metric Tonnes,Other,FAQ,700.0,1800.0,1400.0,Rs./Quintal
Pumpkin,21.0,Metric Tonnes,Pumpkin,FAQ,600.0,1200.0,1100.0,Rs./Quintal
Raddish,2.2,Metric Tonnes,Raddish,FAQ,200.0,500.0,400.0,Rs./Quintal
Ridgeguard(Tori),100.80000000000001,Metric Tonnes,Other,FAQ,1000.0,3300.0,2500.0,Rs./Quintal
Ridgeguard(Tori),28.0,Metric Tonnes,Ridgeguard(Tori),FAQ,800.0,2000.0,1600.0,Rs./Quintal
Snakeguard,5.300000000000001,Metric Tonnes,Snakeguard,FAQ,1000.0,2000.0,1800.0,Rs./Quintal
Sweet Potato,38.0,Metric Tonnes,Sweet Potato,FAQ,1000.0,3000.0,2500.0,Rs./Quintal
Tomato,326.8,Metric Tonnes,Other,FAQ,400.0,1200.0,1000.0,Rs./Quintal
Tomato,37.7,Metric Tonnes,Deshi,FAQ,400.0,1200.0,1000.0,Rs./Quintal
Yam(Ratalu),7.7,Metric Tonnes,Other,FAQ,1500.0,3000.0,2500.0,Rs./Quintal
Market Name : Burgampadu APMC
Wood,122.0,Metric Tonnes,Eucalyptus,FAQ,390.0,440.0,420.0,Rs./Quintal
Market Name : Chandur APMC
NIL Transaction - No Arrivals
Market Name : Chandur(Mungodu) APMC
NIL Transaction - No Arrivals
Market Name : Chegunta APMC
NIL Transaction - No Arrivals
Market Name : Chennur APMC
NIL Transaction - No Arrivals
Market Name : Cherial APMC
Paddy(Common),30.0,Metric Tonnes,I.R. 64,Local,2390.0,2390.0,2390.0,Rs./Quintal
Market Name : Chevella APMC
Tomato,6.8,Metric Tonnes,Local,Local,1000.0,1000.0,1000.0,Rs./Quintal
Market Name : Chinnakodur APMC
NIL Transaction - No Arrivals
Market Name : Chityal APMC
NIL Transaction - No Arrivals
Market Name : Choppadandi APMC
NIL Transaction - No Arrivals
Market Name : Choutuppal APMC
NIL Transaction - No Arrivals
Market Name : Dammapet APMC
Paddy(Common),32.0,Metric Tonnes,1001,FAQ,2400.0,2400.0,2400.0,Rs./Quintal
Wood,265.0,Metric Tonnes,Eucalyptus,Local,400.0,400.0,400.0,Rs./Quintal
Market Name : Devarakadra APMC
Onion,5.300000000000001,Metric Tonnes,Red,Local,2410.0,4000.0,3205.0,Rs./Quintal
Market Name : Devarakonda APMC
NIL Transaction - No Arrivals
Market Name : Devarkonda(Dindi) APMC
NIL Transaction - No Arrivals
Market Name : Devarkonda(Mallepalli) APMC
NIL Transaction - No Arrivals
Market Name : Dharmapuri APMC
NIL Transaction - No Arrivals
Market Name : Dharmaram APMC
NIL Transaction - No Arrivals
Market Name : Dharur APMC
NIL Transaction - No Arrivals
Market Name : Doulthabad APMC
NIL Transaction - No Arrivals
Market Name : Dubbak APMC
Paddy(Common),70.0,Metric Tonnes,I.R. 64,FAQ,2400.0,2400.0,2400.0,Rs./Quintal
Market Name : Echoda APMC
Soyabean,4.0,Metric Tonnes,Soyabeen,FAQ,5328.0,5328.0,5328.0,Rs./Quintal
Market Name : Ellanthakunta APMC
NIL Transaction - No Arrivals
Market Name : Enkoor APMC
NIL Transaction - No Arrivals
"Market Name : Excise Colony,RBZ "
NIL Transaction - Other (Weekly Off)
Market Name : Gaddiannaram APMC
Apple,10.934999999999999,Metric Tonnes,Other,Medium,6666.667,26666.668,12000.000600000001,Rs./Quintal
Apple,140.31,Metric Tonnes,Kasmir/Shimla - II,Medium,6000.0,34000.0,15000.0,Rs./Quintal
Avocado,0.712,Metric Tonnes,Avocado,Grade B,12500.0,25000.0,17500.0,Rs./Quintal
Banana,1.7999999999999998,Metric Tonnes,Medium,Medium,1000.0000500000001,2166.666775,1500.0000750000002,Rs./Quintal
Blueberry,0.2,Metric Tonnes,Blueberry,Grade B,50000.0,110000.0,75000.0,Rs./Quintal
Chikoos(Sapota),1.25,Metric Tonnes,Sapota,Medium,1200.0,4800.0,2000.0,Rs./Quintal
Grapes,1.6400000000000001,Metric Tonnes,Other,Medium,20000.0,28000.0,24000.0,Rs./Quintal
Grapes,25.8,Metric Tonnes,Black,Medium,1500.0,5000.0,2500.0,Rs./Quintal
Guava,24.16,Metric Tonnes,Guava,Medium,1500.0,6000.0,2500.0,Rs./Quintal
Karbuja(Musk Melon),77.5,Metric Tonnes,Karbhuja,Medium,400.0,1200.0,600.0,Rs./Quintal
Kiwi Fruit,1.18,Metric Tonnes,Kiwi,Grade B,10000.0,27000.0,16000.0,Rs./Quintal
Litchi,0.704,Metric Tonnes,Litchi,Medium,12500.0,25000.0,18750.0,Rs./Quintal
Mousambi(Sweet Lime),733.0,Metric Tonnes,Mousambi,Medium,1000.0,3700.0,1900.0,Rs./Quintal
Orange,15.65,Metric Tonnes,Other,Medium,10000.0,18000.0,12000.0,Rs./Quintal
Papaya,28.2,Metric Tonnes,Papaya,Medium,2300.0,5400.0,2500.0,Rs./Quintal
Pear(Marasebu),2.16,Metric Tonnes,Pears,Medium,8000.0,20000.0,12000.0,Rs./Quintal
Pomegranate,34.74,Metric Tonnes,Pomogranate,Medium,1000.0,14000.0,3000.0,Rs./Quintal
Seetapal,0.352,Metric Tonnes,Seethaphal,Medium,2500.0,5625.0,3750.0,Rs./Quintal
Water Melon,275.7,Metric Tonnes,Water Melon,Medium,200.0,500.0,400.0,Rs./Quintal
Market Name : Gadwal APMC
Groundnut,17.0,Metric Tonnes,Big (With Shell),Local,5902.0,7469.0,6389.0,Rs./Quintal
Market Name : Gajwel APMC
NIL Transaction - No Arrivals
Market Name : Gambhiraopet APMC
NIL Transaction - No Arrivals
Market Name : Gandhari APMC
NIL Transaction - No Arrivals
Market Name : Gangadhara APMC
Paddy(Common),0.001,Metric Tonnes,I.R. 64,FAQ,2369.0,2369.0,2369.0,Rs./Quintal
Market Name : Gollapally APMC
NIL Transaction - No Arrivals
Market Name : Gopalraopet APMC
NIL Transaction - No Arrivals
Market Name : Gudimalkapur APMC
Astera,0.12,Metric Tonnes,Astera,Grade Range-1,12000.0,16000.0,14000.0,Rs./Quintal
Banana - Green,1.6,Metric Tonnes,Banana - Green,Grade B,1000.0,3000.0,2000.0,Rs./Quintal
Beetroot,2.7,Metric Tonnes,Beetroot,Grade B,600.0,1200.0,900.0,Rs./Quintal
Bhindi(Ladies Finger),46.6,Metric Tonnes,Bhindi,Grade B,600.0,1200.0,800.0,Rs./Quintal
Bitter gourd,14.700000000000001,Metric Tonnes,Bitter Gourd,Grade B,1500.0,3000.0,2000.0,Rs./Quintal
Bottle gourd,29.700000000000003,Metric Tonnes,Bottle Gourd,Grade B,200.0,300.0,200.0,Rs./Quintal
Brinjal,28.400000000000002,Metric Tonnes,Brinjal,Grade B,600.0,1200.0,800.0,Rs./Quintal
Cabbage,40.300000000000004,Metric Tonnes,Cabbage,Grade B,900.0,1100.0,1000.0,Rs./Quintal
Capsicum,21.8,Metric Tonnes,Capsicum,Grade B,1000.0,3000.0,1500.0,Rs./Quintal
Carnation,0.2,Nos,Cornation,Grade Range-1,16000.0,20000.0,18000.0,Rs./Unit
Carrot,10.5,Metric Tonnes,Carrot,Grade B,1600.0,2200.0,1800.0,Rs./Quintal
Cauliflower,17.1,Metric Tonnes,Cauliflower,Grade B,1500.0,3000.0,2000.0,Rs./Quintal
Chow Chow,0.2,Metric Tonnes,Chow Chow,Grade B,2000.0,2000.0,2000.0,Rs./Quintal
Cluster beans,15.100000000000001,Metric Tonnes,Cluster Beans,Grade B,1800.0,2600.0,2200.0,Rs./Quintal
Cucumbar(Kheera),9.600000000000001,Metric Tonnes,Cucumbar,Grade B,400.0,600.0,500.0,Rs./Quintal
Drumstick,6.0,Metric Tonnes,Drumstick,Grade B,1200.0,3000.0,2000.0,Rs./Quintal
Field Pea,22.0,Metric Tonnes,Field Pea,Grade B,3000.0,5000.0,3500.0,Rs./Quintal
French Beans(Frasbean),7.1000000000000005,Metric Tonnes,French Beans (Frasbean),Grade B,3000.0,8000.0,5000.0,Rs./Quintal
Gladiolus Cut Flower,2.65,Nos,Gladiolus Cut Flower,Grade Range-1,6000.0,10000.0,8000.0,Rs./Unit
Green Chilli,47.6,Metric Tonnes,Green Chilly,Grade B,2000.0,3500.0,2600.0,Rs./Quintal
Jarbara,1.46,Nos,Jerbara,Grade Range-1,14000.0,18000.0,16000.0,Rs./Unit
Jasmine,4.8,Metric Tonnes,Jasmine,Grade Range-1,38000.0,46000.0,42000.0,Rs./Quintal
Kakada,0.629,Metric Tonnes,Kakada,Grade Range-1,40000.0,60000.0,50000.0,Rs./Quintal
Kankambra,0.498,Metric Tonnes,Kankambra,Grade Range-1,100000.0,140000.0,120000.0,Rs./Quintal
Lilly,3.04,Nos,Lily,Grade Range-1,15000.0,25000.0,20000.0,Rs./Unit
Marigold(loose),89.81,Metric Tonnes,Marigold(Loose),Grade Range-1,5000.0,7000.0,6000.0,Rs./Quintal
Onion,88.10000000000001,Metric Tonnes,Onion,Grade B,1200.0,3500.0,2100.0,Rs./Quintal
Onion Green,0.1,Metric Tonnes,Onion Green,Grade B,1000.0,2500.0,1500.0,Rs./Quintal
Potato,163.4,Metric Tonnes,Potato,Grade B,800.0,1600.0,1200.0,Rs./Quintal
Pumpkin,2.1,Metric Tonnes,Pumpkin,Grade B,800.0,1200.0,1000.0,Rs./Quintal
Raddish,1.7000000000000002,Metric Tonnes,Raddish,Grade B,1000.0,1500.0,1200.0,Rs./Quintal
Ridgeguard(Tori),16.6,Metric Tonnes,Ridgeguard(Tori),Grade B,1500.0,3500.0,2200.0,Rs./Quintal
Rose(Loose)),5.6000000000000005,Metric Tonnes,Other,Grade Range-1,6000.0,12000.0,9000.0,Rs./Quintal
Snakeguard,0.2,Metric Tonnes,Snakeguard,Grade B,1500.0,1500.0,1500.0,Rs./Quintal
Sweet Potato,1.9000000000000001,Metric Tonnes,Sweet Potato,Grade B,1800.0,2400.0,2000.0,Rs./Quintal
Tomato,282.40000000000003,Metric Tonnes,Tomato,Grade B,600.0,1600.0,900.0,Rs./Quintal
Market Name : Halia APMC
NIL Transaction - No Arrivals
Market Name : Husnabad APMC
Maize,13.0,Metric Tonnes,Local,Local,2700.0,2700.0,2700.0,Rs./Quintal
Market Name : Huzurnagar APMC
Paddy(Common),0.001,Metric Tonnes,B P T,Local,2461.0,2461.0,2461.0,Rs./Quintal
Market Name : Huzzurabad APMC
Paddy(Common),0.001,Metric Tonnes,MTU-1010,FAQ,2369.0,2389.0,2369.0,Rs./Quintal
Market Name : Ibrahimpatnam APMC
Bhindi(Ladies Finger),0.5,Metric Tonnes,Bhindi,Local,3000.0,3000.0,3000.0,Rs./Quintal
Brinjal,0.4,Metric Tonnes,Brinjal,Local,1500.0,1500.0,1500.0,Rs./Quintal
Green Chilli,0.6,Metric Tonnes,Green Chilly,Local,5000.0,5000.0,5000.0,Rs./Quintal
Tomato,3.0,Metric Tonnes,Local,Local,1000.0,1000.0,1000.0,Rs./Quintal
Market Name : Ibrahimpatnam APMC
NIL Transaction - No Arrivals
Market Name : Jagtial APMC
NIL Transaction - No Arrivals
Market Name : Jainath APMC
NIL Transaction - No Arrivals
Market Name : Jammikunta APMC
Cotton,1.6,Metric Tonnes,Cotton (Unginned),FAQ,8700.0,9100.0,9100.0,Rs./Quintal
Market Name : Jangaon APMC
NIL Transaction - No Arrivals
Market Name : Jannaram APMC
NIL Transaction - No Arrivals
Market Name : Jogipet APMC
NIL Transaction - No Arrivals
Market Name : Kagaznagar APMC
NIL Transaction - No Arrivals
Market Name : Kallur APMC
NIL Transaction - No Arrivals
Market Name : Kalwakurthy APMC
Bhindi(Ladies Finger),0.4,Metric Tonnes,Bhindi,Local,1250.0,1250.0,1250.0,Rs./Quintal
Bitter gourd,0.4,Metric Tonnes,Bitter Gourd,Local,2500.0,2500.0,2500.0,Rs./Quintal
Brinjal,0.2,Metric Tonnes,Brinjal,Local,2000.0,2000.0,2000.0,Rs./Quintal
Cluster beans,0.1,Metric Tonnes,Cluster Beans,Local,1500.0,1500.0,1500.0,Rs./Quintal
Cucumbar(Kheera),1.3,Metric Tonnes,Cucumbar,Local,900.0,900.0,900.0,Rs./Quintal
Green Chilli,0.8,Metric Tonnes,Green Chilly,Local,4850.0,4850.0,4850.0,Rs./Quintal
Ridgeguard(Tori),0.5,Metric Tonnes,Ridgeguard(Tori),Local,1750.0,1750.0,1750.0,Rs./Quintal
Tomato,5.8,Metric Tonnes,Tomato,Local,700.0,700.0,700.0,Rs./Quintal
Market Name : Kamalapur APMC
Paddy(Common),0.001,Metric Tonnes,Common,FAQ,2369.0,2389.0,2369.0,Rs./Quintal
Market Name : Kamareddy APMC
NIL Transaction - No Arrivals
Market Name : Kammarpally APMC
NIL Transaction - No Arrivals
Market Name : Karimnagar APMC
Bitter gourd,0.21,Metric Tonnes,Bitter Gourd,Medium,2000.0001000000002,2000.0001000000002,2000.0001000000002,Rs./Quintal
Cabbage,0.105,Metric Tonnes,Cabbage,Medium,1200.00006,1200.00006,1200.00006,Rs./Quintal
Capsicum,0.15,Metric Tonnes,Capsicum,Medium,2333.33345,2333.33345,2333.33345,Rs./Quintal
Carrot,0.315,Metric Tonnes,Carrot,Medium,2133.3334400000003,2133.3334400000003,2133.3334400000003,Rs./Quintal
Cauliflower,0.14,Metric Tonnes,Cauliflower,Local,2500.0,3000.0,2750.0,Rs./Quintal
Cucumbar(Kheera),0.03,Metric Tonnes,Cucumbar,Medium,2000.0,2000.0,2000.0,Rs./Quintal
Drumstick,0.32,Metric Tonnes,Drumstick,Medium,2250.0,2250.0,2250.0,Rs./Quintal
Green Chilli,3.02,Metric Tonnes,Green Chilly,Large,1500.0,2000.0,1750.0,Rs./Quintal
Ridgeguard(Tori),0.17,Metric Tonnes,Other,Large,2000.0,2500.0,2250.0,Rs./Quintal
Tomato,3.2800000000000002,Metric Tonnes,Tomato,Medium,1500.0,2000.0,1625.0,Rs./Quintal
Market Name : Kataram APMC
NIL Transaction - No Arrivals
Market Name : Kathalapur APMC
NIL Transaction - No Arrivals
Market Name : Kesamudram APMC
Cotton Seed,0.4,Metric Tonnes,Other,Local,4222.0,8851.0,8169.0,Rs./Quintal
Green Gram(Moong)(Whole),0.1,Metric Tonnes,Local,Local,6616.0,6616.0,6616.0,Rs./Quintal
Maize,2.2,Metric Tonnes,Local,Local,2303.0,2404.0,2404.0,Rs./Quintal
Paddy(Common),45.1,Metric Tonnes,Samba Masuri,Local,2404.0,4455.0,3599.0,Rs./Quintal
Red gram/Arhar/Tur(whole),0.1,Metric Tonnes,Local,Local,7155.0,7155.0,7155.0,Rs./Quintal
Turmeric,3.6,Metric Tonnes,Finger,Local,10899.0,15076.0,13856.0,Rs./Quintal
Turmeric,2.0,Metric Tonnes,Bulb,Local,11299.0,14332.0,13709.0,Rs./Quintal
Market Name : Khammam APMC
Cotton,3.5,Metric Tonnes,Cotton (Unginned),FAQ,8500.0,9300.0,9300.0,Rs./Quintal
Dry Chillies,31.6,Metric Tonnes,Red,FAQ,12000.0,17000.0,15000.0,Rs./Quintal
Green Gram(Moong)(Whole),2.9000000000000004,Metric Tonnes,Local,FAQ,6500.0,7002.0,6611.0,Rs./Quintal
Maize,2.6,Metric Tonnes,Local,FAQ,1900.0,2200.0,1900.0,Rs./Quintal
Market Name : Khanapur APMC
NIL Transaction - No Arrivals
Market Name : Kodad APMC
NIL Transaction - No Arrivals
Market Name : Koheda APMC
NIL Transaction - No Arrivals
Market Name : Kollapur APMC
NIL Transaction - No Arrivals
Market Name : Konaraopet APMC
NIL Transaction - No Arrivals
Market Name : Kondapaka APMC
NIL Transaction - No Arrivals
Market Name : Koratla APMC
NIL Transaction - No Arrivals
Market Name : Kosgi APMC
NIL Transaction - No Arrivals
Market Name : Kotagiri APMC
NIL Transaction - No Arrivals
Market Name : Kothagudem APMC
NIL Transaction - No Arrivals
Market Name : Kuber APMC
NIL Transaction - No Arrivals
"Market Name : Kukatpally,RBZ"
Not Reported
Market Name : Kulkacherla APMC
NIL Transaction - No Arrivals
Market Name : L B Nagar APMC
Banana - Green,1.3,Metric Tonnes,Banana - Green,Medium,2000.0,3000.0,2500.0,Rs./Quintal
Beetroot,1.5,Metric Tonnes,Beetroot,Medium,2000.0,3000.0,2500.0,Rs./Quintal
Bhindi(Ladies Finger),6.800000000000001,Metric Tonnes,Bhindi,Medium,1000.0,1500.0,1200.0,Rs./Quintal
Bottle gourd,10.9,Metric Tonnes,Bottle Gourd,Medium,600.0,1000.0,800.0,Rs./Quintal
Brinjal,5.300000000000001,Metric Tonnes,Brinjal,Medium,1500.0,2000.0,1700.0,Rs./Quintal
Cabbage,13.3,Metric Tonnes,Cabbage,Medium,1000.0,1500.0,1200.0,Rs./Quintal
Capsicum,2.6,Metric Tonnes,Capsicum,Medium,3000.0,3500.0,3200.0,Rs./Quintal
Carrot,6.2,Metric Tonnes,Carrot,Medium,3500.0,4500.0,4000.0,Rs./Quintal
Cauliflower,2.2,Metric Tonnes,Cauliflower,Medium,1500.0,2500.0,2000.0,Rs./Quintal
Cluster beans,3.0,Metric Tonnes,Cluster Beans,Medium,2000.0,3000.0,2500.0,Rs./Quintal
Cucumbar(Kheera),20.0,Metric Tonnes,Cucumbar,Medium,1000.0,1500.0,1200.0,Rs./Quintal
Drumstick,4.2,Metric Tonnes,Drumstick,Medium,2000.0,3000.0,2500.0,Rs./Quintal
Field Pea,3.3000000000000003,Metric Tonnes,Field Pea,Medium,3000.0,4000.0,3500.0,Rs./Quintal
French Beans(Frasbean),1.3,Metric Tonnes,French Beans (Frasbean),Medium,4000.0,6000.0,5000.0,Rs./Quintal
Green Chilli,21.900000000000002,Metric Tonnes,Green Chilly,Medium,2500.0,3500.0,3000.0,Rs./Quintal
Potato,41.300000000000004,Metric Tonnes,Potato,Medium,1000.0,1500.0,1200.0,Rs./Quintal
Pumpkin,6.1000000000000005,Metric Tonnes,Pumpkin,Medium,1000.0,1500.0,1200.0,Rs./Quintal
Ridgeguard(Tori),6.4,Metric Tonnes,Ridgeguard(Tori),Medium,2500.0,3500.0,3000.0,Rs./Quintal
Tomato,60.800000000000004,Metric Tonnes,Tomato,Medium,600.0,1200.0,800.0,Rs./Quintal
Market Name : Luxettipet APMC
NIL Transaction - No Arrivals
Market Name : Maddulapally APMC
NIL Transaction - No Arrivals
Market Name : Madhira APMC
NIL Transaction - No Arrivals
Market Name : Madnoor APMC
NIL Transaction - No Arrivals
Market Name : Mahabubabad APMC
Paddy(Common),12.6,Metric Tonnes,Common,Local,2918.0,3422.0,3256.0,Rs./Quintal
Market Name : Mahabubnagar(Rythu Bazar)
Bhindi(Ladies Finger),2.26,Metric Tonnes,Bhindi,Local,3000.0,3000.0,3000.0,Rs./Quintal
Bottle gourd,1.62,Metric Tonnes,Bottle Gourd,Local,1400.0,1400.0,1400.0,Rs./Quintal
Brinjal,1.39,Metric Tonnes,Arkasheela Mattigulla,Local,4000.0,4000.0,4000.0,Rs./Quintal
Cabbage,1.02,Metric Tonnes,Cabbage,Local,3000.0,3000.0,3000.0,Rs./Quintal
Cluster beans,1.56,Metric Tonnes,Cluster Beans,Local,5000.0,5000.0,5000.0,Rs./Quintal
Green Chilli,1.97,Metric Tonnes,Green Chilly,Local,6000.0,6000.0,6000.0,Rs./Quintal
Indian Beans(Seam),1.52,Metric Tonnes,Indian Beans (Seam),Local,6000.0,6000.0,6000.0,Rs./Quintal
Leafy Vegetable,3.97,Bundle,Leafy Vegetables,Local,5000.0,5000.0,5000.0,Rs./Bundle
Potato,1.79,Metric Tonnes,Red Nanital,Local,3000.0,3000.0,3000.0,Rs./Quintal
Tomato,2.84,Metric Tonnes,Deshi,Local,2000.0,2000.0,2000.0,Rs./Quintal
Market Name : Mahboob Manison APMC
Bitter gourd,0.2,Metric Tonnes,Bitter Gourd,Medium,3000.0,3000.0,3000.0,Rs./Quintal
Bottle gourd,1.4000000000000001,Metric Tonnes,Bottle Gourd,Medium,200.0,400.0,300.0,Rs./Quintal
Brinjal,2.7,Metric Tonnes,Brinjal,Medium,2000.0,2000.0,2000.0,Rs./Quintal
Cabbage,2.5,Metric Tonnes,Cabbage,Medium,1200.0,1200.0,1200.0,Rs./Quintal
Capsicum,0.6000000000000001,Metric Tonnes,Capsicum,Medium,2000.0,3000.0,2500.0,Rs./Quintal
Carrot,0.9,Metric Tonnes,Carrot,Medium,2000.0,3000.0,2500.0,Rs./Quintal
Cauliflower,0.4,Metric Tonnes,Cauliflower,Medium,3000.0,4000.0,3500.0,Rs./Quintal
Cluster beans,1.5,Metric Tonnes,Cluster Beans,Medium,2000.0,3000.0,2500.0,Rs./Quintal
Cucumbar(Kheera),1.0,Metric Tonnes,Cucumbar,Medium,1500.0,1500.0,1500.0,Rs./Quintal
Dry Chillies,8.6,Metric Tonnes,Dry Chillies,Grade Range-1,1800.0,25000.0,20000.0,Rs./Quintal
Dry Chillies,13.0,Metric Tonnes,Dry Chillies,Grade Range-2,8000.0,12000.0,10000.0,Rs./Quintal
French Beans(Frasbean),0.30000000000000004,Metric Tonnes,Other,Medium,8000.0,8000.0,8000.0,Rs./Quintal
Garlic,41.2,Metric Tonnes,Garlic,Grade Range-2,6000.0,18000.0,11000.0,Rs./Quintal
Ginger(Green),27.3,Metric Tonnes,Other,Medium,5500.0,9000.0,6800.0,Rs./Quintal
Green Chilli,4.0,Metric Tonnes,Green Chilly,Medium,3500.0,4000.0,3750.0,Rs./Quintal
Onion,293.7,Metric Tonnes,Onion,Small,1800.0,2700.0,2500.0,Rs./Quintal
Onion,195.8,Metric Tonnes,Onion,Large,3000.0,4000.0,3800.0,Rs./Quintal
Tamarind Fruit,1.8,Metric Tonnes,Tamarind Fruit,Grade Range-2,7000.0,9000.0,8000.0,Rs./Quintal
Tamarind Fruit,1.2000000000000002,Metric Tonnes,Tamarind Fruit,Grade Range-1,9500.0,13000.0,10000.0,Rs./Quintal
Tomato,28.5,Metric Tonnes,Tomato,Medium,800.0,1000.0,900.0,Rs./Quintal
Market Name : Mahbubnagar APMC
NIL Transaction - No Arrivals
Market Name : Maheshwaram APMC
NIL Transaction - No Arrivals
Market Name : Makthal APMC
NIL Transaction - No Arrivals
Market Name : Mallapur APMC
NIL Transaction - No Arrivals
Market Name : Mallial(Cheppial) APMC
NIL Transaction - No Arrivals
Market Name : Manakodur APMC
NIL Transaction - No Arrivals
Market Name : Mancherial APMC
NIL Transaction - No Arrivals
Market Name : Manthani APMC
NIL Transaction - No Arrivals
Market Name : Marapally APMC
NIL Transaction - No Arrivals
Market Name : Medak APMC
NIL Transaction - No Arrivals
Market Name : Medchal APMC
NIL Transaction - No Arrivals
Market Name : Medipally APMC
NIL Transaction - No Arrivals
Market Name : Metpally APMC
NIL Transaction - No Arrivals
Market Name : Mirdoddi APMC
NIL Transaction - No Arrivals
Market Name : Miryalaguda APMC
NIL Transaction - No Arrivals
Market Name : Miryalguda(Rythu Bazar) 
Bhindi(Ladies Finger),1.1,Metric Tonnes,Bhindi,Grade A,3000.0,3000.0,3000.0,Rs./Quintal
Brinjal,0.5,Metric Tonnes,Arkasheela Mattigulla,Grade A,3500.0,3500.0,3500.0,Rs./Quintal
Cabbage,0.3,Metric Tonnes,Cabbage,Grade A,2500.0,2500.0,2500.0,Rs./Quintal
Carrot,0.2,Metric Tonnes,Carrot,Grade A,4500.0,4500.0,4500.0,Rs./Quintal
Green Chilli,1.4,Metric Tonnes,Green Chilly,Grade A,5000.0,5000.0,5000.0,Rs./Quintal
Little gourd(Kundru),0.7,Metric Tonnes,Little gourd (Kundru),Grade A,3000.0,3000.0,3000.0,Rs./Quintal
Onion,1.0,Metric Tonnes,Red,Grade A,4000.0,4000.0,4000.0,Rs./Quintal
Potato,1.5,Metric Tonnes,Potato,Grade A,3000.0,3000.0,3000.0,Rs./Quintal
Tomato,1.5,Metric Tonnes,Deshi,Grade A,2500.0,2500.0,2500.0,Rs./Quintal
Market Name : Mothkur APMC
NIL Transaction - No Arrivals
Market Name : Mulugu APMC
NIL Transaction - No Arrivals
"Market Name : NGOs Colony,RBZ "
NIL Transaction - No Arrivals
Market Name : Nagarkurnool APMC
NIL Transaction - No Arrivals
Market Name : Nagarkurnool(Talkapalli) APMC
NIL Transaction - No Arrivals
Market Name : Nakrekal APMC
Lime,23.16,Metric Tonnes,Lime,Local,1500.0,9000.0,3000.0,Rs./Quintal
Market Name : Nalgonda APMC
NIL Transaction - No Arrivals
Market Name : Nangunoor APMC
NIL Transaction - No Arrivals
Market Name : Narayankhed APMC
NIL Transaction - No Arrivals
Market Name : Narayanpet APMC
Green Gram(Moong)(Whole),27.293000000000003,Metric Tonnes,Local (Whole),Local,4489.0,9012.0,9012.0,Rs./Quintal
Jowar(Sorghum),0.196,Metric Tonnes,Jowar ( White),Non-FAQ,5350.0,5350.0,5350.0,Rs./Quintal
Market Name : Narsampet APMC
NIL Transaction - No Arrivals
Market Name : Narsapur APMC
NIL Transaction - No Arrivals
Market Name : Narsingi APMC
NIL Transaction - No Arrivals
Market Name : Nawabpet APMC
NIL Transaction - No Arrivals
Market Name : Nekkonda APMC
NIL Transaction - No Arrivals
Market Name : Nelakondapally APMC
Paddy(Common),65.3,Metric Tonnes,HMT,Local,2360.0,2400.0,2389.0,Rs./Quintal
Market Name : Neredcherla APMC
Paddy(Common),85.0,Metric Tonnes,B P T,Local,2400.0,2400.0,2400.0,Rs./Quintal
Market Name : Nidamanoor APMC
NIL Transaction - No Arrivals
Market Name : Nirmal APMC
NIL Transaction - No Arrivals
Market Name : Nizamabad APMC
"Sesamum(Sesame,Gingelly,Til)",5.300000000000001,Metric Tonnes,White,Local,11279.0,12079.0,11879.0,Rs./Quintal
Turmeric,20.900000000000002,Metric Tonnes,Bulb,Local,11009.0,15009.0,14025.0,Rs./Quintal
Turmeric,62.300000000000004,Metric Tonnes,Finger,Local,11019.0,18900.0,15900.0,Rs./Quintal
Market Name : Nuguru Charla APMC
NIL Transaction - No Arrivals
Market Name : Papannapet APMC
NIL Transaction - No Arrivals
Market Name : Pargi APMC
NIL Transaction - No Arrivals
Market Name : Parkal APMC
NIL Transaction - No Arrivals
"Market Name : Pavilion Ground,Khammam,RBZ"
Tomato,0.213,Metric Tonnes,Deshi,FAQ,2400.0,2400.0,2400.0,Rs./Quintal
Market Name : Pebbair APMC
NIL Transaction - No Arrivals
Market Name : Peddapalli APMC
NIL Transaction - No Arrivals
Market Name : Pegadapally APMC
NIL Transaction - No Arrivals
Market Name : Pitlam APMC
NIL Transaction - No Arrivals
Market Name : Pothgal APMC
NIL Transaction - No Arrivals
"Market Name : Pullanga X Road,RBZ "
NIL Transaction - No Arrivals
Market Name : RYTHU BAZAR ERRAGADDA
Banana - Green,1.9,Metric Tonnes,Banana - Green,Grade A,1000.0,1000.0,1000.0,Rs./Quintal
Beetroot,2.8,Metric Tonnes,Beetroot,Grade A,3500.0,3500.0,3500.0,Rs./Quintal
Bitter gourd,2.1,Metric Tonnes,Bitter Gourd,Grade A,3200.0,3200.0,3200.0,Rs./Quintal
Bottle gourd,4.4,Metric Tonnes,Bottle Gourd,Grade A,900.0,900.0,900.0,Rs./Quintal
Brinjal,4.4,Metric Tonnes,Brinjal,Grade A,2800.0,2800.0,2800.0,Rs./Quintal
Cabbage,4.8,Metric Tonnes,Cabbage,Grade A,1700.0,1700.0,1700.0,Rs./Quintal
Carrot,5.3,Metric Tonnes,Carrot,Grade A,3500.0,3500.0,3500.0,Rs./Quintal
Cauliflower,3.8,Metric Tonnes,Cauliflower,Grade A,2300.0,2300.0,2300.0,Rs./Quintal
Cluster beans,2.6,Metric Tonnes,Cluster Beans,Grade A,2800.0,2800.0,2800.0,Rs./Quintal
Colacasia,1.8,Metric Tonnes,Colacasia,Grade A,2800.0,2800.0,2800.0,Rs./Quintal
Cucumbar(Kheera),3.3,Metric Tonnes,Cucumbar,Grade A,2100.0,2100.0,2100.0,Rs./Quintal
Drumstick,3.2,Metric Tonnes,Drumstick,Grade A,3500.0,3500.0,3500.0,Rs./Quintal
Elephant Yam(Suran)/Amorphophallus,1.3,Metric Tonnes,Elephant Yam (Suran),Grade A,3500.0,3500.0,3500.0,Rs./Quintal
Field Pea,7.4,Metric Tonnes,Field Pea,Grade A,5500.0,5500.0,5500.0,Rs./Quintal
French Beans(Frasbean),2.3,Metric Tonnes,French Beans (Frasbean),Grade A,7500.0,7500.0,7500.0,Rs./Quintal
Green Chilli,7.7,Metric Tonnes,Green Chilly,Grade A,4500.0,4500.0,4500.0,Rs./Quintal
Ladies Finger,6.4,Metric Tonnes,Ladies Finger,Grade A,3500.0,3500.0,3500.0,Rs./Quintal
Onion,9.7,Metric Tonnes,1st Sort,Grade A,3500.0,3500.0,3500.0,Rs./Quintal
Other green and fresh vegetables,23.8,Metric Tonnes,Other,Grade A,1500.0,1500.0,1500.0,Rs./Quintal
Potato,11.2,Metric Tonnes,Potato,Grade A,1700.0,1700.0,1700.0,Rs./Quintal
Ridgeguard(Tori),49.0,Metric Tonnes,Ridgeguard(Tori),Grade A,38.0,38.0,38.0,Rs./Quintal
Snakeguard,0.8,Metric Tonnes,Snakeguard,Grade A,2300.0,2300.0,2300.0,Rs./Quintal
Tinda,4.2,Metric Tonnes,Tinda,Grade A,28.0,28.0,28.0,Rs./Quintal
Tomato,14.6,Metric Tonnes,Deshi,Grade A,1500.0,1500.0,1500.0,Rs./Quintal
Wild Cucumber,3.6,Metric Tonnes,Wild Cucumber,Grade A,15.0,15.0,15.0,Rs./Quintal
Market Name : RYTHU BAZAR FALAKNUMA
Beetroot,1.3,Metric Tonnes,Beetroot,Grade A,3500.0,3500.0,3500.0,Rs./Quintal
Bitter gourd,1.3,Metric Tonnes,Bitter Gourd,Grade A,3200.0,3200.0,3200.0,Rs./Quintal
Bottle gourd,1.4,Metric Tonnes,Bottle Gourd,Grade A,900.0,900.0,900.0,Rs./Quintal
Brinjal,0.9,Metric Tonnes,Brinjal,Grade A,2800.0,2800.0,2800.0,Rs./Quintal
Cabbage,2.0,Metric Tonnes,Cabbage,Grade A,1600.0,1600.0,1600.0,Rs./Quintal
Carrot,1.3,Metric Tonnes,Carrot,Grade A,3500.0,3500.0,3500.0,Rs./Quintal
Cauliflower,1.5,Metric Tonnes,Cauliflower,Grade A,2300.0,2300.0,2300.0,Rs./Quintal
Cluster beans,1.4,Metric Tonnes,Cluster Beans,Grade A,2800.0,2800.0,2800.0,Rs./Quintal
Colacasia,1.3,Metric Tonnes,Colacasia,Grade A,2800.0,2800.0,2800.0,Rs./Quintal
Cucumbar(Kheera),1.4,Metric Tonnes,Cucumbar,Grade A,2100.0,2100.0,2100.0,Rs./Quintal
Drumstick,1.2,Metric Tonnes,Drumstick,Grade A,3500.0,3500.0,3500.0,Rs./Quintal
Field Bean(Anumulu),1.6,Metric Tonnes,Field Bean(Anumulu),Grade A,5500.0,5500.0,5500.0,Rs./Quintal
French Beans(Frasbean),1.2,Metric Tonnes,French Beans (Frasbean),Grade A,7500.0,7500.0,7500.0,Rs./Quintal
Green Chilli,1.8,Metric Tonnes,Green Chilly,Grade A,4500.0,4500.0,4500.0,Rs./Quintal
Ladies Finger,1.2,Metric Tonnes,Ladies Finger,Grade A,3500.0,3500.0,3500.0,Rs./Quintal
Leafy Vegetable,6.7,Bundle,Leafy Vegetables,Grade A,3000.0,3000.0,3000.0,Rs./Bundle
Little gourd(Kundru),1.4,Metric Tonnes,Little gourd (Kundru),Grade A,2800.0,2800.0,2800.0,Rs./Quintal
Onion,0.7,Metric Tonnes,Onion,Grade A,4000.0,4000.0,4000.0,Rs./Quintal
Other green and fresh vegetables,7.0,Metric Tonnes,Other,Grade A,1800.0,1800.0,1800.0,Rs./Quintal
Potato,2.6,Metric Tonnes,Potato,Grade A,1700.0,1700.0,1700.0,Rs./Quintal
Ridgeguard(Tori),1.4,Metric Tonnes,Ridgeguard(Tori),Grade A,3800.0,3800.0,3800.0,Rs./Quintal
Tomato,6.2,Metric Tonnes,Tomato,Local,1500.0,1500.0,1500.0,Rs./Quintal
Market Name : RYTHU BAZAR MEHDIPATNAM
Banana - Green,17.0,Metric Tonnes,Banana - Green,Grade A,1000.0,1000.0,1000.0,Rs./Quintal
Beetroot,2.0,Metric Tonnes,Beetroot,Grade A,3500.0,3500.0,3500.0,Rs./Quintal
Bhindi(Ladies Finger),4.6,Metric Tonnes,Bhindi,Grade A,3500.0,3500.0,3500.0,Rs./Quintal
Bitter gourd,3.2,Metric Tonnes,Bitter Gourd,Grade A,3200.0,3200.0,3200.0,Rs./Quintal
Bottle gourd,3.1,Metric Tonnes,Bottle Gourd,Grade A,900.0,900.0,900.0,Rs./Quintal
Brinjal,3.9,Metric Tonnes,Brinjal,Grade A,2800.0,2800.0,2800.0,Rs./Quintal
Cabbage,3.5,Metric Tonnes,Cabbage,Grade A,1600.0,1600.0,1600.0,Rs./Quintal
Carrot,3.3,Metric Tonnes,Carrot,Grade A,3500.0,3500.0,3500.0,Rs./Quintal
Cauliflower,4.4,Metric Tonnes,Cauliflower,Grade A,2300.0,2300.0,2300.0,Rs./Quintal
Cluster beans,2.4,Metric Tonnes,Cluster Beans,Grade A,2800.0,2800.0,2800.0,Rs./Quintal
Colacasia,2.1,Metric Tonnes,Colacasia,Grade A,2800.0,2800.0,2800.0,Rs./Quintal
Cucumbar(Kheera),4.3,Metric Tonnes,Cucumbar,Grade A,2100.0,2100.0,2100.0,Rs./Quintal
Drumstick,0.31,Metric Tonnes,Drumstick,Grade A,5500.0,5500.0,5500.0,Rs./Quintal
Field Pea,1.5,Metric Tonnes,Field Pea,Grade A,5500.0,5500.0,5500.0,Rs./Quintal
French Beans(Frasbean),2.6,Metric Tonnes,French Beans (Frasbean),Grade A,7500.0,7500.0,7500.0,Rs./Quintal
Green Chilli,4.1,Metric Tonnes,Green Chilly,Grade A,4000.0,4000.0,4000.0,Rs./Quintal
Leafy Vegetable,13.9,Bundle,Leafy Vegetables,Grade A,3000.0,3000.0,3000.0,Rs./Bundle
Onion,4.8,Metric Tonnes,1st Sort,Grade A,4000.0,4000.0,4000.0,Rs./Quintal
Other green and fresh vegetables,17.2,Metric Tonnes,Other,Grade A,2000.0,2000.0,2000.0,Rs./Quintal
Potato,6.9,Metric Tonnes,Other,Grade A,1700.0,1700.0,1700.0,Rs./Quintal
Ridgeguard(Tori),4.5,Metric Tonnes,Other,Grade A,3800.0,3800.0,3800.0,Rs./Quintal
Snakeguard,0.8,Metric Tonnes,Other,Grade A,2300.0,2300.0,2300.0,Rs./Quintal
Tinda,2.8,Metric Tonnes,Other,Grade A,2800.0,2800.0,2800.0,Rs./Quintal
Tomato,9.5,Metric Tonnes,Deshi,Grade A,1500.0,1500.0,1500.0,Rs./Quintal
Wild Cucumber,1.7,Metric Tonnes,Wild Cucumber,Grade A,1500.0,1500.0,1500.0,Rs./Quintal
Market Name : Racharla Boppapur APMC
NIL Transaction - No Arrivals
Market Name : Raikal APMC
NIL Transaction - No Arrivals
Market Name : Raikode APMC
NIL Transaction - No Arrivals
Market Name : Ramayampet APMC
NIL Transaction - No Arrivals
Market Name : Rudrangi APMC
NIL Transaction - No Arrivals
Market Name : Sadashivnagar APMC
NIL Transaction - No Arrivals
Market Name : Sadasivpet APMC
Green Gram(Moong)(Whole),0.1,Metric Tonnes,Local,Local,8109.0,8109.0,8109.0,Rs./Quintal
Onion,57.1,Metric Tonnes,Local,Local,1441.0,4612.0,4076.0,Rs./Quintal
Turmeric,0.30000000000000004,Metric Tonnes,Finger,Local,8000.0,13111.0,13111.0,Rs./Quintal
Market Name : Sangareddy APMC
Bhindi(Ladies Finger),0.2,Metric Tonnes,Other,Grade B,3000.0,3000.0,3000.0,Rs./Quintal
Brinjal,0.4,Metric Tonnes,Brinjal,Grade B,2000.0,2000.0,2000.0,Rs./Quintal
Carrot,0.2,Metric Tonnes,Other,Grade B,3000.0,3000.0,3000.0,Rs./Quintal
Green Chilli,0.4,Metric Tonnes,Green Chilly,Grade B,3500.0,3500.0,3500.0,Rs./Quintal
Onion,4.0,Metric Tonnes,Other,Grade B,3500.0,3500.0,3500.0,Rs./Quintal
Potato,1.5,Metric Tonnes,Other,Grade B,1500.0,1500.0,1500.0,Rs./Quintal
Tomato,7.7,Metric Tonnes,Deshi,Grade B,1100.0,1100.0,1100.0,Rs./Quintal
Market Name : Sarangapur APMC161
NIL Transaction - No Arrivals
Market Name : Sardarnagar APMC
NIL Transaction - No Arrivals
"Market Name : Saroornagar,RBZ"
Not Reported
"Market Name : Sattupalli (Ramalayam),RBZ"
Tomato,0.14200000000000002,Metric Tonnes,Tomato,FAQ,2000.0,2800.0,2400.0,Rs./Quintal
Market Name : Sattupally APMC
Paddy(Common),87.0,Metric Tonnes,Samba Masuri,Non-FAQ,2350.0,2369.0,2360.0,Rs./Quintal
Market Name : Shadnagar APMC
Beetroot,2.12,Metric Tonnes,Beetroot,Local,1500.0,1800.0,1600.0,Rs./Quintal
Bhindi(Ladies Finger),3.12,Metric Tonnes,Bhindi,Local,2300.0,2700.0,2600.0,Rs./Quintal
Bitter gourd,2.26,Metric Tonnes,Bitter Gourd,Local,2300.0,2800.0,2600.0,Rs./Quintal
Brinjal,2.25,Metric Tonnes,Brinjal,Local,1200.0,1500.0,1300.0,Rs./Quintal
Cabbage,2.3,Metric Tonnes,Cabbage,Local,1500.0,2200.0,1800.0,Rs./Quintal
Carrot,2.25,Metric Tonnes,Carrot,Local,1800.0,2200.0,1900.0,Rs./Quintal
Cluster beans,2.15,Metric Tonnes,Cluster Beans,Local,2800.0,3200.0,2900.0,Rs./Quintal
Green Chilli,3.1,Metric Tonnes,Green Chilly,Local,2500.0,2900.0,2800.0,Rs./Quintal
Tomato,2.12,Metric Tonnes,Local,Local,1300.0,1600.0,1500.0,Rs./Quintal
Market Name : Shaligowraram APMC
NIL Transaction - No Arrivals
Market Name : Shankarapally APMC
Green Chilli,4.8,Metric Tonnes,Green Chilly,Local,4250.0,4250.0,4250.0,Rs./Quintal
Potato,0.8,Metric Tonnes,Potato,Local,2200.0,2200.0,2200.0,Rs./Quintal
Thondekai,0.15,Metric Tonnes,Thondekai,Local,3500.0,3500.0,3500.0,Rs./Quintal
Tomato,3.3,Metric Tonnes,Local,Local,1125.0,1125.0,1125.0,Rs./Quintal
Market Name : Siddipet APMC
NIL Transaction - No Arrivals
Market Name : Siddipet(Rythu Bazar) 
Beetroot,0.4,Metric Tonnes,Beetroot,Grade A,3500.0,4500.0,4000.0,Rs./Quintal
Bhindi(Ladies Finger),5.2,Metric Tonnes,Bhindi,Grade A,1200.0,2000.0,1600.0,Rs./Quintal
Bitter gourd,1.2000000000000002,Metric Tonnes,Bitter Gourd,Grade A,3000.0,4000.0,3400.0,Rs./Quintal
Bottle gourd,5.0,Metric Tonnes,Bottle Gourd,Grade A,800.0,1200.0,1000.0,Rs./Quintal
Brinjal,1.2000000000000002,Metric Tonnes,Brinjal,Grade A,2500.0,3500.0,3000.0,Rs./Quintal
Cabbage,1.0,Metric Tonnes,Cabbage,Grade A,2000.0,2800.0,2400.0,Rs./Quintal
Capsicum,0.30000000000000004,Metric Tonnes,Capsicum,Grade A,3500.0,4500.0,4000.0,Rs./Quintal
Carrot,1.3,Metric Tonnes,Carrot,Grade A,3500.0,4500.0,4000.0,Rs./Quintal
Cauliflower,0.7000000000000001,Metric Tonnes,African Sarson,Grade A,2500.0,3500.0,3000.0,Rs./Quintal
Cluster beans,1.6,Metric Tonnes,Cluster Beans,Grade A,3000.0,4000.0,3400.0,Rs./Quintal
Colacasia,0.5,Metric Tonnes,Colacasia,Grade A,3000.0,4000.0,3400.0,Rs./Quintal
Cucumbar(Kheera),1.3,Metric Tonnes,Cucumbar,Grade A,1100.0,2000.0,1500.0,Rs./Quintal
Green Chilli,1.5,Metric Tonnes,Green Chilly,Grade A,4000.0,5000.0,4400.0,Rs./Quintal
Onion,2.5,Metric Tonnes,Onion,Grade A,3000.0,4000.0,3500.0,Rs./Quintal
Potato,3.3000000000000003,Metric Tonnes,Red Nanital,Grade A,1500.0,2400.0,2000.0,Rs./Quintal
Snakeguard,0.8,Metric Tonnes,Snakeguard,Grade A,4000.0,5000.0,4500.0,Rs./Quintal
Tomato,8.4,Metric Tonnes,Local,Grade A,1200.0,2000.0,1600.0,Rs./Quintal
Market Name : Sircilla APMC
NIL Transaction - No Arrivals
Market Name : Sultanabad APMC
NIL Transaction - No Arrivals
Market Name : Suryapeta APMC
Black Gram(Urd Beans)(Whole),0.1,Metric Tonnes,Local,Local,6511.0,6511.0,6511.0,Rs./Quintal
Cowpea(Lobia/Karamani),0.7000000000000001,Metric Tonnes,Other,Local,3088.0,6273.0,6093.0,Rs./Quintal
Green Gram(Moong)(Whole),0.30000000000000004,Metric Tonnes,Local,Local,3695.0,6668.0,6668.0,Rs./Quintal
Maize,0.30000000000000004,Metric Tonnes,Other,Local,1759.0,2322.0,1759.0,Rs./Quintal
Paddy(Common),24.6,Metric Tonnes,B P T,Local,2529.0,3657.0,3059.0,Rs./Quintal
Paddy(Common),2.1,Metric Tonnes,Paddy,Local,2606.0,3019.0,3019.0,Rs./Quintal
Paddy(Common),20.3,Metric Tonnes,Other,Local,2019.0,3719.0,3619.0,Rs./Quintal
Paddy(Common),2.0,Metric Tonnes,HMT,Local,2303.0,3009.0,2851.0,Rs./Quintal
Paddy(Common),5.0,Metric Tonnes,I.R.-64,Local,1866.0,2323.0,2323.0,Rs./Quintal
Red gram/Arhar/Tur(whole),2.0,Metric Tonnes,Local,Local,5001.0,7731.0,7541.0,Rs./Quintal
Market Name : Tanduru APMC
Green Gram(Moong)(Whole),11.65,Metric Tonnes,Green (Whole),Grade Range-1,12000.0,15750.0,13842.0,Rs./Quintal
Red gram/Arhar/Tur(whole),1.6500000000000001,Metric Tonnes,(Whole),Grade Range-1,15210.0,16110.0,16038.0,Rs./Quintal
Market Name : Thoguta APMC
NIL Transaction - No Arrivals
Market Name : Thorrur APMC
NIL Transaction - No Arrivals
Market Name : Thungathurthy APMC
NIL Transaction - No Arrivals
Market Name : Tirumalagiri APMC
Paddy(Common),0.9,Metric Tonnes,B P T,FAQ,3094.0,3094.0,3094.0,Rs./Quintal
Paddy(Common),8.1,Metric Tonnes,I.R. 64,FAQ,2204.0,2204.0,2204.0,Rs./Quintal
Red gram/Arhar/Tur(whole),0.4,Metric Tonnes,Local,FAQ,7552.0,7552.0,7552.0,Rs./Quintal
Market Name : Toopran APMC
NIL Transaction - No Arrivals
Market Name : V.Saidapur APMC
Paddy(Common),0.1,Metric Tonnes,1001,Non-FAQ,2369.0,2369.0,2369.0,Rs./Quintal
Paddy(Common),0.1,Metric Tonnes,MTU-1010,FAQ,2389.0,2389.0,2389.0,Rs./Quintal
Market Name : Valigonda APMC
NIL Transaction - No Arrivals
"Market Name : Vanasthalipuram,RBZ "
Banana - Green,1.1,Metric Tonnes,Banana - Green,Grade A,4000.0,4000.0,4000.0,Rs./Quintal
Beetroot,0.8,Metric Tonnes,Beetroot,Grade A,3200.0,3200.0,3200.0,Rs./Quintal
Bitter gourd,0.9,Metric Tonnes,Bitter Gourd,Grade A,3200.0,3200.0,3200.0,Rs./Quintal
Bottle gourd,1.5,Metric Tonnes,Bottle Gourd,Grade A,900.0,900.0,900.0,Rs./Quintal
Brinjal,1.3,Metric Tonnes,Round/Long,Grade A,2800.0,2800.0,2800.0,Rs./Quintal
Cabbage,1.8,Metric Tonnes,Cabbage,Grade A,1600.0,1600.0,1600.0,Rs./Quintal
Carrot,1.2,Metric Tonnes,Carrot,Grade A,3500.0,3500.0,3500.0,Rs./Quintal
Cauliflower,1.3,Metric Tonnes,Cauliflower,Grade A,2300.0,2300.0,2300.0,Rs./Quintal
Cluster beans,0.8,Metric Tonnes,Cluster Beans,Grade A,2800.0,2800.0,2800.0,Rs./Quintal
Colacasia,0.3,Metric Tonnes,Colacasia,Grade A,2800.0,2800.0,2800.0,Rs./Quintal
Cucumbar(Kheera),1.3,Metric Tonnes,Other,Grade A,2100.0,2100.0,2100.0,Rs./Quintal
Drumstick,1.2,Metric Tonnes,Drumstick,Grade A,3500.0,3500.0,3500.0,Rs./Quintal
Elephant Yam(Suran)/Amorphophallus,0.1,Metric Tonnes,Elephant Yam (Suran),Grade A,3500.0,3500.0,3500.0,Rs./Quintal
Field Bean(Anumulu),0.6,Metric Tonnes,Field Bean(Anumulu),Grade A,5500.0,5500.0,5500.0,Rs./Quintal
French Beans(Frasbean),0.3,Metric Tonnes,Other,Grade A,7500.0,7500.0,7500.0,Rs./Quintal
Green Chilli,2.4,Metric Tonnes,Green Chilly,Grade A,4500.0,4500.0,4500.0,Rs./Quintal
Ladies Finger,1.8,Metric Tonnes,Ladies Finger,Grade A,3500.0,3500.0,3500.0,Rs./Quintal
Leafy Vegetable,3.3,Bundle,Leafy Vegetables,Grade A,5000.0,5000.0,5000.0,Rs./Bundle
Little gourd(Kundru),1.9,Metric Tonnes,Little gourd (Kundru),Grade A,2800.0,2800.0,2800.0,Rs./Quintal
Onion,2.1,Metric Tonnes,Onion,Grade A,4000.0,4000.0,4000.0,Rs./Quintal
Other green and fresh vegetables,3.3,Metric Tonnes,Other,Grade A,2000.0,2000.0,2000.0,Rs./Quintal
Potato,3.7,Metric Tonnes,Potato,Grade A,1700.0,1700.0,1700.0,Rs./Quintal
Ridgeguard(Tori),1.6,Metric Tonnes,Ridgeguard(Tori),Grade A,3800.0,3800.0,3800.0,Rs./Quintal
Snakeguard,0.2,Metric Tonnes,Snakeguard,Grade A,2300.0,2300.0,2300.0,Rs./Quintal
Tomato,8.7,Metric Tonnes,Other,Grade A,1500.0,1500.0,1500.0,Rs./Quintal
Wild Cucumber,1.6,Metric Tonnes,Wild Cucumber,Grade A,1500.0,1500.0,1500.0,Rs./Quintal
Market Name : Vantamamidi APMC
Bhindi(Ladies Finger),4.0,Metric Tonnes,Bhindi,Local,800.0,1200.0,1000.0,Rs./Quintal
Bitter gourd,1.9000000000000001,Metric Tonnes,Bitter Gourd,Local,1500.0,2000.0,1750.0,Rs./Quintal
Bottle gourd,0.4,Metric Tonnes,Bottle Gourd,Local,500.0,500.0,500.0,Rs./Quintal
Brinjal,2.3000000000000003,Metric Tonnes,Brinjal,Local,1500.0,2000.0,1750.0,Rs./Quintal
Cabbage,2.7,Metric Tonnes,Cabbage,Local,600.0,1000.0,800.0,Rs./Quintal
Cucumbar(Kheera),2.0,Metric Tonnes,Other,Local,600.0,800.0,700.0,Rs./Quintal
Field Pea,1.5,Metric Tonnes,Field Pea,Local,1800.0,2400.0,2100.0,Rs./Quintal
Groundnut pods(raw),0.2,Metric Tonnes,Groundnut pods (raw),Local,3000.0,3000.0,3000.0,Rs./Quintal
Onion Green,0.2,Metric Tonnes,Onion Green,Local,2500.0,2500.0,2500.0,Rs./Quintal
Pumpkin,0.8,Metric Tonnes,Pumpkin,Local,800.0,800.0,800.0,Rs./Quintal
Ridgeguard(Tori),2.3000000000000003,Metric Tonnes,Ridgeguard(Tori),Local,1800.0,2500.0,2150.0,Rs./Quintal
Market Name : Varni APMC
NIL Transaction - No Arrivals
Market Name : Vatpally APMC
NIL Transaction - No Arrivals
Market Name : Veernapalli APMC
NIL Transaction - No Arrivals
Market Name : Velgatoor APMC
NIL Transaction - No Arrivals
Market Name : Velpur APMC
NIL Transaction - No Arrivals
Market Name : Vemulawada APMC
NIL Transaction - No Arrivals
Market Name : Venkateswarnagar APMC
Bhindi(Ladies Finger),0.4,Metric Tonnes,Bhindi,Local,1300.0,1500.0,1400.0,Rs./Quintal
Bitter gourd,0.2,Metric Tonnes,Bitter Gourd,Local,2500.0,2800.0,2600.0,Rs./Quintal
Bottle gourd,0.6000000000000001,Metric Tonnes,Bottle Gourd,Local,700.0,1000.0,900.0,Rs./Quintal
Brinjal,0.8,Metric Tonnes,Brinjal,Local,1200.0,1500.0,1300.0,Rs./Quintal
Cabbage,0.30000000000000004,Metric Tonnes,Cabbage,Grade A,1000.0,1500.0,1300.0,Rs./Quintal
Carrot,0.1,Metric Tonnes,Carrot,Grade A,2500.0,2800.0,2600.0,Rs./Quintal
Cluster beans,0.1,Metric Tonnes,Cluster Beans,Local,3000.0,3200.0,3100.0,Rs./Quintal
Cucumbar(Kheera),0.6000000000000001,Metric Tonnes,Other,Local,800.0,1200.0,1000.0,Rs./Quintal
Green Chilli,0.30000000000000004,Metric Tonnes,Green Chilly,Local,3000.0,3500.0,3200.0,Rs./Quintal
Potato,0.5,Metric Tonnes,Local,Grade A,1600.0,2000.0,1800.0,Rs./Quintal
Ridgeguard(Tori),0.2,Metric Tonnes,Other,Local,2800.0,3000.0,2900.0,Rs./Quintal
Snakeguard,0.1,Metric Tonnes,Other,Local,1200.0,1400.0,1300.0,Rs./Quintal
Tomato,4.5,Metric Tonnes,Local,Local,600.0,1000.0,800.0,Rs./Quintal
Market Name : Vikarabad APMC
NIL Transaction - No Arrivals
Market Name : Wanaparthy Road APMC
NIL Transaction - No Arrivals
Market Name : Wanaparthy town APMC
Groundnut,3.9000000000000004,Metric Tonnes,Local,Local,7900.0,9617.0,8300.0,Rs./Quintal
Market Name : Warangal APMC
Banana,14.4,Metric Tonnes,Banana - Ripe,Medium,3000.0,3000.0,3000.0,Rs./Quintal
Beetroot,0.8,Metric Tonnes,Beetroot,FAQ,3000.0,3500.0,3250.0,Rs./Quintal
Bengal Gram(Gram)(Whole),0.028999999999999998,Metric Tonnes,Average (Whole),FAQ,6012.0,6012.0,6012.0,Rs./Quintal
Bhindi(Ladies Finger),2.8000000000000003,Metric Tonnes,Bhindi,FAQ,800.0,1000.0,900.0,Rs./Quintal
Bitter gourd,3.1,Metric Tonnes,Bitter Gourd,FAQ,2000.0,2500.0,2250.0,Rs./Quintal
Brinjal,2.7,Metric Tonnes,Brinjal,FAQ,2500.0,3000.0,2750.0,Rs./Quintal
Cabbage,2.7,Metric Tonnes,Cabbage,FAQ,2000.0,2500.0,2250.0,Rs./Quintal
Capsicum,1.3,Metric Tonnes,Capsicum,FAQ,4000.0,4500.0,4250.0,Rs./Quintal
Carrot,3.0,Metric Tonnes,Carrot,FAQ,3500.0,4000.0,3750.0,Rs./Quintal
Cauliflower,0.7000000000000001,Metric Tonnes,Cauliflower,FAQ,2500.0,3000.0,2750.0,Rs./Quintal
Cluster beans,0.5,Metric Tonnes,Cluster Beans,FAQ,2500.0,3000.0,2750.0,Rs./Quintal
Colacasia,0.4,Metric Tonnes,Colacasia,FAQ,2500.0,3000.0,2750.0,Rs./Quintal
Cotton,37.300000000000004,Metric Tonnes,Cotton (Unginned),FAQ,7000.0,9600.0,8500.0,Rs./Quintal
Cucumbar(Kheera),1.0,Metric Tonnes,Cucumbar,FAQ,1600.0,2000.0,1800.0,Rs./Quintal
Dry Chillies,16.7,Metric Tonnes,3rd Sort,FAQ,13000.0,19000.0,17500.0,Rs./Quintal
Dry Chillies,96.5,Metric Tonnes,1st Sort,FAQ,14000.0,18700.0,17000.0,Rs./Quintal
Dry Chillies,1.9000000000000001,Metric Tonnes,Desi,FAQ,18000.0,36000.0,25000.0,Rs./Quintal
Dry Chillies,2.6,Metric Tonnes,Talu,FAQ,6200.0,10000.0,8000.0,Rs./Quintal
Dry Chillies,54.5,Metric Tonnes,2nd Sort,FAQ,18500.0,30000.0,28500.0,Rs./Quintal
Field Pea,1.5,Metric Tonnes,Field Pea,FAQ,4500.0,5000.0,4750.0,Rs./Quintal
French Beans(Frasbean),0.4,Metric Tonnes,French Beans (Frasbean),FAQ,7500.0,8000.0,7750.0,Rs./Quintal
Grapes,2.5,Metric Tonnes,Black,Large,5000.0,6000.0,5400.0,Rs./Quintal
Green Chilli,16.0,Metric Tonnes,Green Chilly,FAQ,3500.0,4000.0,3750.0,Rs./Quintal
Groundnut,31.167,Metric Tonnes,Local,FAQ,2600.0,7500.0,4950.0,Rs./Quintal
Maize,15.838999999999999,Metric Tonnes,Local,FAQ,1972.0,2452.0,2302.0,Rs./Quintal
Mousambi(Sweet Lime),2.0,Metric Tonnes,Mousambi,Medium,1000.0,2500.0,1750.0,Rs./Quintal
Pomegranate,4.2,Metric Tonnes,Pomogranate,Large,8000.0,15000.0,10700.0,Rs./Quintal
Potato,2.4000000000000004,Metric Tonnes,Potato,FAQ,1500.0,2000.0,1750.0,Rs./Quintal
Red gram/Arhar/Tur(whole),0.7360000000000001,Metric Tonnes,Local,FAQ,7525.0,7633.0,7633.0,Rs./Quintal
Ridgeguard(Tori),4.1000000000000005,Metric Tonnes,Ridgeguard(Tori),FAQ,1500.0,2000.0,1750.0,Rs./Quintal
"Sesamum(Sesame,Gingelly,Til)",0.12,Metric Tonnes,White,FAQ,11522.0,11522.0,11522.0,Rs./Quintal
Thondekai,1.8,Metric Tonnes,Thondekai,FAQ,2500.0,3000.0,2750.0,Rs./Quintal
Tomato,26.0,Metric Tonnes,Tomato,FAQ,1200.0,1600.0,1400.0,Rs./Quintal
Turmeric,2.849,Metric Tonnes,Bulb,FAQ,13788.0,14899.0,14199.0,Rs./Quintal
Turmeric,9.765,Metric Tonnes,Finger,FAQ,12899.0,16455.0,14399.0,Rs./Quintal
Yam(Ratalu),0.30000000000000004,Metric Tonnes,Yam (Ratalu),FAQ,3500.0,4000.0,3750.0,Rs./Quintal
Market Name : Wardhannapet APMC
NIL Transaction - No Arrivals
"Market Name : Weekly Market Area,RBZ APMC"
Beetroot,0.05500000000000001,Metric Tonnes,Beetroot,Local,2000.0,4500.0,2000.0,Rs./Quintal
Market Name : Wyra APMC
NIL Transaction - No Arrivals
Market Name : Yellandu APMC
Maize,271.0,Metric Tonnes,Local,Local,2200.0,2400.0,2300.0,Rs./Quintal
Market Name : Yellareddy APMC
NIL Transaction - No Arrivals
Market Name : Zaheerabad APMC
NIL Transaction - No Arrivals
